#{"t_start": 1649188569.3895302, "env_id": "SimpleDriving-v0"}
r,l,t
59.457937,182,0.09456
